label	res_type	call	in_envelope	n_options	options	truth	call_correct
P1	V	V1CG2	1	26	V1CG1,V1CG2,V13CG1,V13CG2,V16CG1,V16CG2,V17CG1,V17CG2,V41CG1,V41CG2,V49CG1,V49CG2,V50CG1,V50CG2,V62CG1,V62CG2,V74CG1,V74CG2,V85CG1,V85CG2,V91CG1,V91CG2,V123CG1,V123CG2,V150CG1,V150CG2	V1CG1	0
P2	V	V1CG1	1	26	V1CG1,V1CG2,V13CG1,V13CG2,V16CG1,V16CG2,V17CG1,V17CG2,V41CG1,V41CG2,V49CG1,V49CG2,V50CG1,V50CG2,V62CG1,V62CG2,V74CG1,V74CG2,V85CG1,V85CG2,V91CG1,V91CG2,V123CG1,V123CG2,V150CG1,V150CG2	V1CG2	0
P3	V	V13CG1	1	16	V13CG1,V13CG2,V16CG1,V16CG2,V41CG1,V41CG2,V49CG1,V49CG2,V50CG1,V50CG2,V62CG1,V62CG2,V123CG1,V123CG2,V150CG1,V150CG2	V13CG1	1
P4	V	V13CG2	1	14	V13CG1,V13CG2,V16CG1,V16CG2,V41CG1,V41CG2,V49CG1,V49CG2,V50CG1,V50CG2,V62CG1,V62CG2,V123CG1,V123CG2	V13CG2	1
P5	A	A14CB	1	9	A14CB,A18CB,A33CB,A35CB,A38CB,A84CB,A96CB,A134CB,A156CB	A14CB	1
P6	V	V41CG1	1	19	V13CG1,V13CG2,V16CG1,V16CG2,V17CG1,V17CG2,V41CG1,V41CG2,V49CG1,V49CG2,V50CG1,V50CG2,V85CG1,V85CG2,V91CG2,V123CG1,V123CG2,V150CG1,V150CG2	V16CG1	0
P7	V	V16CG1	1	15	V13CG1,V13CG2,V16CG1,V16CG2,V17CG1,V17CG2,V41CG1,V41CG2,V49CG1,V49CG2,V50CG1,V50CG2,V91CG1,V123CG1,V123CG2	V16CG2	0
P8	V	V74CG2	1	26	V1CG1,V1CG2,V13CG1,V13CG2,V16CG1,V16CG2,V17CG1,V17CG2,V41CG1,V41CG2,V49CG1,V49CG2,V50CG1,V50CG2,V62CG1,V62CG2,V74CG1,V74CG2,V85CG1,V85CG2,V91CG1,V91CG2,V123CG1,V123CG2,V150CG1,V150CG2	V17CG1	0
P9	V	V74CG1	1	26	V1CG1,V1CG2,V13CG1,V13CG2,V16CG1,V16CG2,V17CG1,V17CG2,V41CG1,V41CG2,V49CG1,V49CG2,V50CG1,V50CG2,V62CG1,V62CG2,V74CG1,V74CG2,V85CG1,V85CG2,V91CG1,V91CG2,V123CG1,V123CG2,V150CG1,V150CG2	V17CG2	0
P10	A	A18CB	1	13	A14CB,A18CB,A22CB,A33CB,A35CB,A38CB,A84CB,A96CB,A109CB,A111CB,A134CB,A145CB,A156CB	A18CB	1
P11	A	A33CB	1	13	A14CB,A18CB,A22CB,A33CB,A35CB,A38CB,A84CB,A96CB,A109CB,A111CB,A134CB,A145CB,A156CB	A22CB	0
P12	L	L26CD2	1	33	L26CD1,L26CD2,L36CD1,L36CD2,L37CD1,L37CD2,L43CD1,L48CD1,L48CD2,L55CD1,L55CD2,L57CD1,L57CD2,L63CD1,L63CD2,L75CD1,L75CD2,L76CD1,L76CD2,L93CD1,L93CD2,L94CD1,L94CD2,L120CD1,L120CD2,L126CD1,L126CD2,L132CD1,L132CD2,L142CD1,L142CD2,L157CD1,L157CD2	L26CD1	0
P13	L	L26CD1	1	31	L26CD1,L26CD2,L36CD1,L36CD2,L37CD1,L37CD2,L43CD1,L48CD1,L48CD2,L55CD1,L55CD2,L57CD1,L57CD2,L63CD1,L63CD2,L76CD1,L76CD2,L93CD1,L93CD2,L94CD1,L94CD2,L120CD1,L120CD2,L126CD1,L126CD2,L132CD1,L132CD2,L142CD1,L142CD2,L157CD1,L157CD2	L26CD2	0
P14	L	L29CD2	1	36	L26CD1,L26CD2,L29CD1,L29CD2,L36CD1,L36CD2,L37CD1,L37CD2,L43CD1,L43CD2,L48CD1,L48CD2,L55CD1,L55CD2,L57CD1,L57CD2,L63CD1,L63CD2,L75CD1,L75CD2,L76CD1,L76CD2,L93CD1,L93CD2,L94CD1,L94CD2,L120CD1,L120CD2,L126CD1,L126CD2,L132CD1,L132CD2,L142CD1,L142CD2,L157CD1,L157CD2	L29CD1	0
P15	L	L29CD1	1	36	L26CD1,L26CD2,L29CD1,L29CD2,L36CD1,L36CD2,L37CD1,L37CD2,L43CD1,L43CD2,L48CD1,L48CD2,L55CD1,L55CD2,L57CD1,L57CD2,L63CD1,L63CD2,L75CD1,L75CD2,L76CD1,L76CD2,L93CD1,L93CD2,L94CD1,L94CD2,L120CD1,L120CD2,L126CD1,L126CD2,L132CD1,L132CD2,L142CD1,L142CD2,L157CD1,L157CD2	L29CD2	0
P16	A	A35CB	1	9	A14CB,A18CB,A33CB,A35CB,A38CB,A84CB,A96CB,A134CB,A156CB	A33CB	0
P17	A	A22CB	1	13	A14CB,A18CB,A22CB,A33CB,A35CB,A38CB,A84CB,A96CB,A109CB,A111CB,A134CB,A145CB,A156CB	A35CB	0
P18	L	L37CD1	1	24	L29CD1,L29CD2,L36CD1,L36CD2,L37CD1,L37CD2,L43CD1,L43CD2,L48CD1,L48CD2,L55CD1,L55CD2,L57CD1,L57CD2,L94CD1,L94CD2,L120CD1,L126CD1,L126CD2,L132CD1,L132CD2,L142CD2,L157CD1,L157CD2	L36CD1	0
P19	L	L36CD1	1	28	L26CD1,L29CD1,L29CD2,L36CD1,L36CD2,L37CD1,L37CD2,L43CD1,L43CD2,L48CD1,L48CD2,L55CD1,L55CD2,L57CD1,L57CD2,L63CD2,L93CD1,L93CD2,L94CD1,L94CD2,L120CD1,L120CD2,L126CD1,L126CD2,L132CD1,L132CD2,L157CD1,L157CD2	L36CD2	0
P20	L	L94CD2	1	36	L26CD1,L26CD2,L29CD1,L29CD2,L36CD1,L36CD2,L37CD1,L37CD2,L43CD1,L43CD2,L48CD1,L48CD2,L55CD1,L55CD2,L57CD1,L57CD2,L63CD1,L63CD2,L75CD1,L75CD2,L76CD1,L76CD2,L93CD1,L93CD2,L94CD1,L94CD2,L120CD1,L120CD2,L126CD1,L126CD2,L132CD1,L132CD2,L142CD1,L142CD2,L157CD1,L157CD2	L37CD1	0
P21	L	L94CD1	1	36	L26CD1,L26CD2,L29CD1,L29CD2,L36CD1,L36CD2,L37CD1,L37CD2,L43CD1,L43CD2,L48CD1,L48CD2,L55CD1,L55CD2,L57CD1,L57CD2,L63CD1,L63CD2,L75CD1,L75CD2,L76CD1,L76CD2,L93CD1,L93CD2,L94CD1,L94CD2,L120CD1,L120CD2,L126CD1,L126CD2,L132CD1,L132CD2,L142CD1,L142CD2,L157CD1,L157CD2	L37CD2	0
P22	A	A38CB	1	13	A14CB,A18CB,A22CB,A33CB,A35CB,A38CB,A84CB,A96CB,A109CB,A111CB,A134CB,A145CB,A156CB	A38CB	1
P23	V	V49CG2	1	19	V13CG1,V13CG2,V16CG1,V16CG2,V17CG1,V17CG2,V41CG1,V41CG2,V49CG2,V50CG1,V50CG2,V62CG1,V62CG2,V85CG1,V85CG2,V123CG1,V123CG2,V150CG1,V150CG2	V41CG1	0
P24	V	V41CG2	1	20	V13CG1,V13CG2,V16CG1,V16CG2,V17CG1,V17CG2,V41CG1,V41CG2,V49CG1,V49CG2,V50CG1,V50CG2,V62CG1,V62CG2,V85CG1,V85CG2,V123CG1,V123CG2,V150CG1,V150CG2	V41CG2	1
P25	L	L43CD1	1	26	L26CD1,L26CD2,L29CD1,L29CD2,L36CD1,L36CD2,L37CD1,L37CD2,L43CD1,L43CD2,L48CD1,L48CD2,L55CD1,L55CD2,L57CD1,L57CD2,L93CD1,L93CD2,L94CD1,L94CD2,L126CD1,L126CD2,L132CD1,L132CD2,L157CD1,L157CD2	L43CD1	1
P26	L	L43CD2	1	30	L26CD1,L26CD2,L29CD1,L29CD2,L36CD1,L36CD2,L37CD1,L37CD2,L43CD1,L43CD2,L48CD1,L48CD2,L55CD1,L55CD2,L57CD1,L57CD2,L93CD1,L93CD2,L94CD1,L94CD2,L120CD1,L120CD2,L126CD1,L126CD2,L132CD1,L132CD2,L142CD1,L142CD2,L157CD1,L157CD2	L43CD2	1
P27	L	L37CD2	1	24	L26CD1,L26CD2,L29CD1,L29CD2,L36CD1,L36CD2,L37CD1,L37CD2,L43CD1,L43CD2,L48CD1,L48CD2,L55CD1,L55CD2,L57CD1,L57CD2,L93CD1,L94CD2,L126CD1,L126CD2,L132CD1,L132CD2,L157CD1,L157CD2	L48CD1	0
P28	L	L48CD2	1	24	L26CD1,L29CD1,L29CD2,L36CD1,L36CD2,L37CD1,L37CD2,L43CD1,L43CD2,L48CD1,L48CD2,L55CD1,L55CD2,L57CD2,L93CD1,L93CD2,L94CD1,L94CD2,L126CD1,L126CD2,L132CD1,L132CD2,L157CD1,L157CD2	L48CD2	1
P29	V	V50CG2	1	19	V13CG1,V13CG2,V16CG1,V16CG2,V17CG1,V17CG2,V41CG1,V41CG2,V49CG1,V49CG2,V50CG1,V50CG2,V62CG1,V62CG2,V85CG2,V123CG1,V123CG2,V150CG1,V150CG2	V49CG1	0
P30	V	V85CG2	1	20	V13CG1,V13CG2,V16CG1,V16CG2,V17CG1,V17CG2,V41CG1,V41CG2,V49CG1,V49CG2,V50CG1,V50CG2,V62CG1,V62CG2,V85CG1,V85CG2,V123CG1,V123CG2,V150CG1,V150CG2	V49CG2	0
P31	V	V49CG1	1	16	V13CG1,V13CG2,V16CG1,V16CG2,V41CG1,V41CG2,V49CG1,V49CG2,V50CG1,V50CG2,V62CG1,V62CG2,V123CG1,V123CG2,V150CG1,V150CG2	V50CG1	0
P32	V	V85CG1	1	20	V13CG1,V13CG2,V16CG1,V16CG2,V17CG1,V17CG2,V41CG1,V41CG2,V49CG1,V49CG2,V50CG1,V50CG2,V62CG1,V62CG2,V85CG1,V85CG2,V123CG1,V123CG2,V150CG1,V150CG2	V50CG2	0
P33	L	L55CD2	1	25	L29CD1,L29CD2,L36CD1,L36CD2,L37CD1,L37CD2,L43CD1,L43CD2,L48CD1,L48CD2,L55CD1,L55CD2,L57CD1,L57CD2,L63CD1,L63CD2,L93CD1,L94CD1,L94CD2,L126CD1,L126CD2,L132CD1,L132CD2,L157CD1,L157CD2	L55CD1	0
P34	L	L55CD1	1	20	L36CD1,L36CD2,L37CD1,L37CD2,L43CD1,L48CD1,L48CD2,L55CD1,L55CD2,L57CD1,L57CD2,L76CD1,L93CD1,L126CD1,L126CD2,L132CD1,L132CD2,L142CD2,L157CD1,L157CD2	L55CD2	0
P35	L	L57CD2	1	23	L26CD2,L36CD1,L36CD2,L37CD1,L37CD2,L43CD1,L48CD1,L48CD2,L55CD1,L55CD2,L57CD1,L57CD2,L76CD1,L76CD2,L93CD1,L126CD1,L126CD2,L132CD1,L132CD2,L142CD1,L142CD2,L157CD1,L157CD2	L57CD1	0
P36	L	L120CD1	1	36	L26CD1,L26CD2,L29CD1,L29CD2,L36CD1,L36CD2,L37CD1,L37CD2,L43CD1,L43CD2,L48CD1,L48CD2,L55CD1,L55CD2,L57CD1,L57CD2,L63CD1,L63CD2,L75CD1,L75CD2,L76CD1,L76CD2,L93CD1,L93CD2,L94CD1,L94CD2,L120CD1,L120CD2,L126CD1,L126CD2,L132CD1,L132CD2,L142CD1,L142CD2,L157CD1,L157CD2	L57CD2	0
P37	I	I58CD1	1	7	I58CD1,I80CD1,I97CD1,I118CD1,I136CD1,I154CD1,I155CD1	I58CD1	1
P38	V	V150CG1	1	19	V13CG1,V13CG2,V16CG1,V16CG2,V17CG1,V17CG2,V41CG1,V41CG2,V49CG1,V49CG2,V50CG1,V50CG2,V62CG1,V62CG2,V85CG2,V123CG1,V123CG2,V150CG1,V150CG2	V62CG1	0
P39	V	V62CG1	1	17	V13CG1,V13CG2,V16CG1,V16CG2,V41CG1,V41CG2,V49CG1,V49CG2,V50CG1,V50CG2,V62CG1,V62CG2,V85CG2,V123CG1,V123CG2,V150CG1,V150CG2	V62CG2	0
P40	L	L63CD2	1	33	L26CD1,L26CD2,L36CD1,L36CD2,L37CD1,L37CD2,L43CD1,L48CD1,L48CD2,L55CD1,L55CD2,L57CD1,L57CD2,L63CD1,L63CD2,L75CD1,L75CD2,L76CD1,L76CD2,L93CD1,L93CD2,L94CD1,L94CD2,L120CD1,L120CD2,L126CD1,L126CD2,L132CD1,L132CD2,L142CD1,L142CD2,L157CD1,L157CD2	L63CD1	0
P41	L	L76CD1	1	36	L26CD1,L26CD2,L29CD1,L29CD2,L36CD1,L36CD2,L37CD1,L37CD2,L43CD1,L43CD2,L48CD1,L48CD2,L55CD1,L55CD2,L57CD1,L57CD2,L63CD1,L63CD2,L75CD1,L75CD2,L76CD1,L76CD2,L93CD1,L93CD2,L94CD1,L94CD2,L120CD1,L120CD2,L126CD1,L126CD2,L132CD1,L132CD2,L142CD1,L142CD2,L157CD1,L157CD2	L63CD2	0
P42	V	V91CG2	1	24	V13CG1,V13CG2,V16CG1,V16CG2,V17CG1,V17CG2,V41CG1,V41CG2,V49CG1,V49CG2,V50CG1,V50CG2,V62CG1,V62CG2,V74CG1,V74CG2,V85CG1,V85CG2,V91CG1,V91CG2,V123CG1,V123CG2,V150CG1,V150CG2	V74CG1	0
P43	V	V91CG1	1	22	V13CG1,V13CG2,V16CG1,V16CG2,V17CG1,V17CG2,V41CG1,V41CG2,V49CG1,V49CG2,V50CG1,V50CG2,V62CG1,V62CG2,V74CG1,V74CG2,V91CG1,V91CG2,V123CG1,V123CG2,V150CG1,V150CG2	V74CG2	0
P44	L	L75CD2	1	36	L26CD1,L26CD2,L29CD1,L29CD2,L36CD1,L36CD2,L37CD1,L37CD2,L43CD1,L43CD2,L48CD1,L48CD2,L55CD1,L55CD2,L57CD1,L57CD2,L63CD1,L63CD2,L75CD1,L75CD2,L76CD1,L76CD2,L93CD1,L93CD2,L94CD1,L94CD2,L120CD1,L120CD2,L126CD1,L126CD2,L132CD1,L132CD2,L142CD1,L142CD2,L157CD1,L157CD2	L75CD1	0
P45	L	L75CD1	1	36	L26CD1,L26CD2,L29CD1,L29CD2,L36CD1,L36CD2,L37CD1,L37CD2,L43CD1,L43CD2,L48CD1,L48CD2,L55CD1,L55CD2,L57CD1,L57CD2,L63CD1,L63CD2,L75CD1,L75CD2,L76CD1,L76CD2,L93CD1,L93CD2,L94CD1,L94CD2,L120CD1,L120CD2,L126CD1,L126CD2,L132CD1,L132CD2,L142CD1,L142CD2,L157CD1,L157CD2	L75CD2	0
P46	L	L93CD1	1	35	L26CD1,L26CD2,L29CD1,L29CD2,L36CD1,L36CD2,L37CD1,L37CD2,L43CD1,L43CD2,L48CD1,L48CD2,L55CD1,L55CD2,L57CD1,L57CD2,L63CD1,L63CD2,L75CD1,L75CD2,L76CD1,L93CD1,L93CD2,L94CD1,L94CD2,L120CD1,L120CD2,L126CD1,L126CD2,L132CD1,L132CD2,L142CD1,L142CD2,L157CD1,L157CD2	L76CD1	0
P47	L	L93CD2	1	33	L26CD1,L26CD2,L29CD1,L29CD2,L36CD1,L36CD2,L37CD1,L37CD2,L43CD1,L43CD2,L48CD1,L48CD2,L55CD1,L55CD2,L57CD1,L57CD2,L63CD1,L63CD2,L75CD1,L75CD2,L93CD1,L93CD2,L94CD1,L94CD2,L120CD1,L120CD2,L126CD1,L126CD2,L132CD1,L132CD2,L142CD2,L157CD1,L157CD2	L76CD2	0
P48	T	T89CG2	1	6	T7CG2,T72CG2,T77CG2,T79CG2,T89CG2,T105CG2	T79CG2	0
P49	I	I80CD1	1	8	I58CD1,I80CD1,I83CD1,I97CD1,I118CD1,I136CD1,I154CD1,I155CD1	I80CD1	1
P50	I	I83CD1	1	8	I58CD1,I80CD1,I83CD1,I97CD1,I118CD1,I136CD1,I154CD1,I155CD1	I83CD1	1
P51	A	A134CB	1	13	A14CB,A18CB,A22CB,A33CB,A35CB,A38CB,A84CB,A96CB,A109CB,A111CB,A134CB,A145CB,A156CB	A84CB	0
P52	V	V62CG2	1	26	V1CG1,V1CG2,V13CG1,V13CG2,V16CG1,V16CG2,V17CG1,V17CG2,V41CG1,V41CG2,V49CG1,V49CG2,V50CG1,V50CG2,V62CG1,V62CG2,V74CG1,V74CG2,V85CG1,V85CG2,V91CG1,V91CG2,V123CG1,V123CG2,V150CG1,V150CG2	V85CG1	0
P53	V	V50CG1	1	26	V1CG1,V1CG2,V13CG1,V13CG2,V16CG1,V16CG2,V17CG1,V17CG2,V41CG1,V41CG2,V49CG1,V49CG2,V50CG1,V50CG2,V62CG1,V62CG2,V74CG1,V74CG2,V85CG1,V85CG2,V91CG1,V91CG2,V123CG1,V123CG2,V150CG1,V150CG2	V85CG2	0
P54	T	T77CG2	1	6	T7CG2,T72CG2,T77CG2,T79CG2,T89CG2,T105CG2	T89CG2	0
P55	V	V17CG1	1	21	V13CG1,V13CG2,V16CG1,V16CG2,V17CG1,V17CG2,V41CG1,V41CG2,V49CG2,V50CG1,V50CG2,V62CG1,V62CG2,V85CG1,V85CG2,V91CG1,V91CG2,V123CG1,V123CG2,V150CG1,V150CG2	V91CG1	0
P56	V	V16CG2	1	21	V13CG1,V13CG2,V16CG1,V16CG2,V17CG1,V17CG2,V41CG1,V41CG2,V49CG2,V50CG1,V50CG2,V62CG1,V62CG2,V85CG1,V85CG2,V91CG1,V91CG2,V123CG1,V123CG2,V150CG1,V150CG2	V91CG2	0
P57	L	L36CD2	1	36	L26CD1,L26CD2,L29CD1,L29CD2,L36CD1,L36CD2,L37CD1,L37CD2,L43CD1,L43CD2,L48CD1,L48CD2,L55CD1,L55CD2,L57CD1,L57CD2,L63CD1,L63CD2,L75CD1,L75CD2,L76CD1,L76CD2,L93CD1,L93CD2,L94CD1,L94CD2,L120CD1,L120CD2,L126CD1,L126CD2,L132CD1,L132CD2,L142CD1,L142CD2,L157CD1,L157CD2	L93CD1	0
P58	L	L126CD2	1	33	L26CD1,L26CD2,L36CD1,L36CD2,L37CD1,L37CD2,L43CD1,L48CD1,L48CD2,L55CD1,L55CD2,L57CD1,L57CD2,L63CD1,L63CD2,L75CD1,L75CD2,L76CD1,L76CD2,L93CD1,L93CD2,L94CD1,L94CD2,L120CD1,L120CD2,L126CD1,L126CD2,L132CD1,L132CD2,L142CD1,L142CD2,L157CD1,L157CD2	L93CD2	0
P59	L	L48CD1	1	36	L26CD1,L26CD2,L29CD1,L29CD2,L36CD1,L36CD2,L37CD1,L37CD2,L43CD1,L43CD2,L48CD1,L48CD2,L55CD1,L55CD2,L57CD1,L57CD2,L63CD1,L63CD2,L75CD1,L75CD2,L76CD1,L76CD2,L93CD1,L93CD2,L94CD1,L94CD2,L120CD1,L120CD2,L126CD1,L126CD2,L132CD1,L132CD2,L142CD1,L142CD2,L157CD1,L157CD2	L94CD1	0
P60	L	L63CD1	1	36	L26CD1,L26CD2,L29CD1,L29CD2,L36CD1,L36CD2,L37CD1,L37CD2,L43CD1,L43CD2,L48CD1,L48CD2,L55CD1,L55CD2,L57CD1,L57CD2,L63CD1,L63CD2,L75CD1,L75CD2,L76CD1,L76CD2,L93CD1,L93CD2,L94CD1,L94CD2,L120CD1,L120CD2,L126CD1,L126CD2,L132CD1,L132CD2,L142CD1,L142CD2,L157CD1,L157CD2	L94CD2	0
P61	A	A96CB	1	7	A14CB,A18CB,A38CB,A84CB,A96CB,A134CB,A156CB	A96CB	1
P62	I	I97CD1	1	8	I58CD1,I80CD1,I83CD1,I97CD1,I118CD1,I136CD1,I154CD1,I155CD1	I97CD1	1
P63	T	T105CG2	1	4	T77CG2,T79CG2,T89CG2,T105CG2	T105CG2	1
P64	A	A109CB	1	5	A84CB,A96CB,A109CB,A111CB,A134CB	A109CB	1
P65	A	A111CB	1	13	A14CB,A18CB,A22CB,A33CB,A35CB,A38CB,A84CB,A96CB,A109CB,A111CB,A134CB,A145CB,A156CB	A111CB	1
P66	I	I118CD1	1	7	I58CD1,I80CD1,I83CD1,I118CD1,I136CD1,I154CD1,I155CD1	I118CD1	1
P67	L	L57CD1	1	33	L26CD1,L26CD2,L36CD1,L36CD2,L37CD1,L37CD2,L43CD1,L48CD1,L48CD2,L55CD1,L55CD2,L57CD1,L57CD2,L63CD1,L63CD2,L75CD1,L75CD2,L76CD1,L76CD2,L93CD1,L93CD2,L94CD1,L94CD2,L120CD1,L120CD2,L126CD1,L126CD2,L132CD1,L132CD2,L142CD1,L142CD2,L157CD1,L157CD2	L120CD1	0
P68	L	L120CD2	1	31	L26CD1,L26CD2,L29CD1,L29CD2,L36CD1,L36CD2,L37CD1,L37CD2,L43CD1,L43CD2,L48CD1,L48CD2,L55CD1,L55CD2,L57CD2,L63CD1,L63CD2,L93CD1,L93CD2,L94CD1,L94CD2,L120CD1,L120CD2,L126CD1,L126CD2,L132CD1,L132CD2,L142CD1,L142CD2,L157CD1,L157CD2	L120CD2	1
P69	V	V123CG1	1	16	V13CG1,V13CG2,V16CG1,V16CG2,V41CG1,V41CG2,V49CG1,V49CG2,V50CG1,V50CG2,V62CG1,V62CG2,V123CG1,V123CG2,V150CG1,V150CG2	V123CG1	1
P70	V	V123CG2	1	16	V13CG1,V13CG2,V16CG1,V16CG2,V41CG1,V41CG2,V49CG1,V49CG2,V50CG1,V50CG2,V62CG1,V62CG2,V123CG1,V123CG2,V150CG1,V150CG2	V123CG2	1
P71	L	L126CD1	1	33	L26CD1,L26CD2,L36CD1,L36CD2,L37CD1,L37CD2,L43CD1,L48CD1,L48CD2,L55CD1,L55CD2,L57CD1,L57CD2,L63CD1,L63CD2,L75CD1,L75CD2,L76CD1,L76CD2,L93CD1,L93CD2,L94CD1,L94CD2,L120CD1,L120CD2,L126CD1,L126CD2,L132CD1,L132CD2,L142CD1,L142CD2,L157CD1,L157CD2	L126CD1	1
P72	L	L76CD2	1	36	L26CD1,L26CD2,L29CD1,L29CD2,L36CD1,L36CD2,L37CD1,L37CD2,L43CD1,L43CD2,L48CD1,L48CD2,L55CD1,L55CD2,L57CD1,L57CD2,L63CD1,L63CD2,L75CD1,L75CD2,L76CD1,L76CD2,L93CD1,L93CD2,L94CD1,L94CD2,L120CD1,L120CD2,L126CD1,L126CD2,L132CD1,L132CD2,L142CD1,L142CD2,L157CD1,L157CD2	L126CD2	0
P73	L	L132CD2	1	32	L26CD1,L26CD2,L36CD1,L36CD2,L37CD1,L37CD2,L43CD1,L48CD1,L48CD2,L55CD1,L55CD2,L57CD1,L57CD2,L63CD1,L63CD2,L75CD2,L76CD1,L76CD2,L93CD1,L93CD2,L94CD1,L94CD2,L120CD1,L120CD2,L126CD1,L126CD2,L132CD1,L132CD2,L142CD1,L142CD2,L157CD1,L157CD2	L132CD1	0
P74	L	L132CD1	1	21	L26CD2,L36CD1,L48CD1,L55CD2,L57CD1,L57CD2,L63CD1,L63CD2,L76CD1,L76CD2,L93CD1,L94CD1,L94CD2,L120CD1,L120CD2,L126CD1,L126CD2,L132CD1,L132CD2,L142CD2,L157CD1	L132CD2	0
P75	A	A84CB	1	13	A14CB,A18CB,A22CB,A33CB,A35CB,A38CB,A84CB,A96CB,A109CB,A111CB,A134CB,A145CB,A156CB	A134CB	0
P76	I	I136CD1	1	7	I58CD1,I80CD1,I97CD1,I118CD1,I136CD1,I154CD1,I155CD1	I136CD1	1
P77	L	L142CD1	1	29	L26CD1,L26CD2,L36CD1,L36CD2,L37CD1,L37CD2,L43CD1,L48CD1,L48CD2,L55CD1,L55CD2,L57CD1,L57CD2,L63CD1,L63CD2,L76CD1,L76CD2,L94CD1,L94CD2,L120CD1,L120CD2,L126CD1,L126CD2,L132CD1,L132CD2,L142CD1,L142CD2,L157CD1,L157CD2	L142CD1	1
P78	L	L142CD2	1	33	L26CD1,L26CD2,L29CD1,L29CD2,L36CD1,L36CD2,L37CD1,L37CD2,L43CD1,L43CD2,L48CD1,L48CD2,L55CD1,L55CD2,L57CD1,L57CD2,L63CD1,L63CD2,L76CD1,L76CD2,L93CD1,L94CD1,L94CD2,L120CD1,L120CD2,L126CD1,L126CD2,L132CD1,L132CD2,L142CD1,L142CD2,L157CD1,L157CD2	L142CD2	1
P79	A	A156CB	1	13	A14CB,A18CB,A22CB,A33CB,A35CB,A38CB,A84CB,A96CB,A109CB,A111CB,A134CB,A145CB,A156CB	A145CB	0
P80	V	V150CG2	1	18	V13CG1,V13CG2,V16CG1,V16CG2,V17CG1,V17CG2,V41CG1,V41CG2,V49CG1,V49CG2,V50CG1,V50CG2,V62CG1,V62CG2,V123CG1,V123CG2,V150CG1,V150CG2	V150CG1	0
P81	V	V17CG2	1	19	V13CG1,V13CG2,V16CG1,V16CG2,V17CG1,V17CG2,V41CG1,V41CG2,V49CG1,V49CG2,V50CG1,V50CG2,V62CG1,V62CG2,V85CG2,V123CG1,V123CG2,V150CG1,V150CG2	V150CG2	0
P82	I	I154CD1	1	7	I58CD1,I80CD1,I83CD1,I118CD1,I136CD1,I154CD1,I155CD1	I154CD1	1
P83	I	I155CD1	1	3	I136CD1,I154CD1,I155CD1	I155CD1	1
P84	L	L157CD1	1	22	L26CD2,L36CD1,L36CD2,L37CD1,L37CD2,L43CD1,L48CD1,L48CD2,L55CD1,L55CD2,L57CD1,L57CD2,L76CD2,L93CD1,L126CD1,L126CD2,L132CD1,L132CD2,L142CD1,L142CD2,L157CD1,L157CD2	L157CD1	1
P85	L	L157CD2	1	22	L26CD2,L36CD1,L36CD2,L37CD1,L37CD2,L43CD1,L48CD1,L48CD2,L55CD1,L55CD2,L57CD1,L57CD2,L76CD2,L93CD1,L126CD1,L126CD2,L132CD1,L132CD2,L142CD1,L142CD2,L157CD1,L157CD2	L157CD2	1
