label	res_type	call	confidence	margin	n_options	options	truth	call_correct	truth_in_set
P1	I	I11CD1	unique	inf	1	I11CD1	I11CD1	1	1
P2	I	I15CD1	unique	inf	1	I15CD1	I15CD1	1	1
P3	L	L18CD1	scored	5.023e-04	6	L18CD1,L18CD2,L113CD1,L113CD2,L118CD1,L118CD2	L18CD1	1	1
P4	L	L18CD2	scored	1.972e-05	6	L18CD1,L18CD2,L113CD1,L113CD2,L118CD1,L118CD2	L18CD2	1	1
P5	I	I22CD1	unique	inf	1	I22CD1	I22CD1	1	1
P6	L	L23CD1	scored	6.033e-04	2	L23CD1,L23CD2	L23CD1	1	1
P7	L	L23CD2	scored	6.267e-04	2	L23CD1,L23CD2	L23CD2	1	1
P8	V	V28CG1	scored	7.654e-04	2	V28CG1,V28CG2	V28CG1	1	1
P9	V	V28CG2	scored	8.319e-04	2	V28CG1,V28CG2	V28CG2	1	1
P10	T	T31CG2	unique	inf	1	T31CG2	T31CG2	1	1
P11	L	L33CD1	scored	7.450e-04	4	L33CD1,L33CD2,L38CD1,L38CD2	L33CD1	1	1
P12	L	L33CD2	scored	8.194e-04	4	L33CD1,L33CD2,L38CD1,L38CD2	L33CD2	1	1
P13	L	L38CD1	scored	4.891e-04	2	L38CD1,L38CD2	L38CD1	1	1
P14	L	L38CD2	scored	4.077e-04	3	L33CD2,L38CD1,L38CD2	L38CD2	1	1
P15	L	L40CD1	scored	3.868e-04	3	L40CD1,L40CD2,L84CD1	L40CD1	1	1
P16	L	L40CD2	scored	3.963e-04	2	L40CD1,L40CD2	L40CD2	1	1
P17	L	L43CD1	scored	6.223e-04	2	L43CD1,L43CD2	L43CD1	1	1
P18	L	L43CD2	scored	6.189e-04	2	L43CD1,L43CD2	L43CD2	1	1
P19	V	V51CG1	scored	4.463e-04	6	V51CG1,V51CG2,V102CG1,V102CG2,V103CG1,V103CG2	V51CG1	1	1
P20	V	V51CG2	scored	4.545e-04	4	V51CG1,V51CG2,V102CG1,V102CG2	V51CG2	1	1
P21	L	L55CD1	scored	6.364e-04	7	L40CD1,L55CD1,L55CD2,L60CD1,L60CD2,L84CD1,L84CD2	L55CD1	1	1
P22	L	L55CD2	scored	1.439e-04	5	L40CD1,L55CD1,L55CD2,L84CD1,L84CD2	L55CD2	1	1
P23	I	I57CD1	unique	inf	1	I57CD1	I57CD1	1	1
P24	L	L60CD1	ambiguous	0.000e+00	3	L60CD1,L60CD2,L84CD2	L60CD1	1	1
P25	L	L60CD2	scored	7.495e-04	4	L55CD1,L60CD1,L60CD2,L84CD2	L60CD2	1	1
P26	V	V65CG1	scored	4.602e-04	2	V65CG1,V65CG2	V65CG1	1	1
P27	V	V65CG2	scored	4.707e-04	2	V65CG1,V65CG2	V65CG2	1	1
P28	I	I68CD1	unique	inf	1	I68CD1	I68CD1	1	1
P29	V	V97CG2	scored	2.993e-04	4	V69CG1,V69CG2,V97CG1,V97CG2	V69CG1	0	1
P30	V	V97CG1	scored	4.343e-04	4	V69CG1,V69CG2,V97CG1,V97CG2	V69CG2	0	1
P31	L	L135CD1	scored	4.570e-04	4	L74CD1,L74CD2,L135CD1,L135CD2	L74CD1	0	1
P32	L	L135CD2	scored	4.573e-04	4	L74CD1,L74CD2,L135CD1,L135CD2	L74CD2	0	1
P33	I	I79CD1	unique	inf	1	I79CD1	I79CD1	1	1
P34	V	V83CG1	unique	inf	1	V83CG1	V83CG1	1	1
P35	V	V83CG2	unique	inf	1	V83CG2	V83CG2	1	1
P36	L	L84CD1	scored	8.657e-04	3	L40CD1,L84CD1,L84CD2	L84CD1	1	1
P37	L	L84CD2	scored	1.103e-03	3	L55CD1,L84CD1,L84CD2	L84CD2	1	1
P38	T	T85CG2	unique	inf	1	T85CG2	T85CG2	1	1
P39	V	V69CG2	scored	5.116e-04	4	V69CG1,V69CG2,V97CG1,V97CG2	V97CG1	0	1
P40	V	V69CG1	scored	3.641e-04	4	V69CG1,V69CG2,V97CG1,V97CG2	V97CG2	0	1
P41	V	V102CG1	scored	6.575e-04	4	V51CG1,V51CG2,V102CG1,V102CG2	V102CG1	1	1
P42	V	V102CG2	scored	6.609e-04	4	V51CG1,V51CG2,V102CG1,V102CG2	V102CG2	1	1
P43	V	V103CG1	scored	4.717e-04	2	V103CG1,V103CG2	V103CG1	1	1
P44	V	V103CG2	scored	4.670e-04	3	V102CG1,V103CG1,V103CG2	V103CG2	1	1
P45	L	L113CD1	scored	6.954e-04	2	L113CD1,L113CD2	L113CD1	1	1
P46	L	L113CD2	scored	6.400e-04	4	L113CD1,L113CD2,L118CD1,L118CD2	L113CD2	1	1
P47	L	L114CD1	scored	6.084e-04	3	L114CD1,L114CD2,L118CD2	L114CD1	1	1
P48	L	L114CD2	scored	6.022e-04	5	L113CD1,L113CD2,L114CD1,L114CD2,L118CD1	L114CD2	1	1
P49	A	A116CB	unique	inf	1	A116CB	A116CB	1	1
P50	I	I119CD1	unique	inf	1	I119CD1	I119CD1	1	1
P51	T	T120CG2	unique	inf	1	T120CG2	T120CG2	1	1
P52	L	L127CD1	scored	3.789e-04	2	L127CD1,L127CD2	L127CD1	1	1
P53	L	L127CD2	scored	4.262e-04	2	L127CD1,L127CD2	L127CD2	1	1
P54	T	T128CG2	unique	inf	1	T128CG2	T128CG2	1	1
P55	A	A130CB	unique	inf	1	A130CB	A130CB	1	1
P56	L	L74CD1	scored	4.433e-04	12	L18CD1,L18CD2,L74CD1,L74CD2,L113CD1,L113CD2,L114CD1,L114CD2,L118CD1,L118CD2,L135CD1,L135CD2	L135CD1	0	1
P57	L	L74CD2	scored	4.477e-04	12	L18CD1,L18CD2,L74CD1,L74CD2,L113CD1,L113CD2,L114CD1,L114CD2,L118CD1,L118CD2,L135CD1,L135CD2	L135CD2	0	1
